{"cameraMode":{"drawMode":0,"name":"Shaded","section":"Shading Mode"},"sceneLighting":true,"audioPlay":false,"sceneViewState":{"m_AlwaysRefresh":false,"showFog":true,"showSkybox":true,"showFlares":true,"showImageEffects":true,"showParticleSystems":true,"showVisualEffectGraphs":true,"m_FxEnabled":true},"in2DMode":false,"pivot":{"x":-2.2170000076293947,"y":7.09140682220459,"z":5.918000221252441},"rotation":{"x":-0.00462585361674428,"y":-0.9492079615592957,"z":0.31435608863830569,"w":-0.013960433192551136},"size":12.059762001037598,"orthographic":false}